{
  "status": "Optimal",
  "objective": 6748.888888888889,
  "total_cost": 6748.888888888889,
  "total_flow": 1400.0,
  "nodes": 51,
  "arcs": 67,
  "by_type": {
    "from_source": {
      "flow": 200.0,
      "cost": 0.0,
      "arcs": 2
    },
    "idle": {
      "flow": 600.0,
      "cost": 6000.0,
      "arcs": 27
    },
    "reposition": {
      "flow": 400.0,
      "cost": 748.8888888888889,
      "arcs": 16
    },
    "to_sink": {
      "flow": 200.0,
      "cost": 0.0,
      "arcs": 22
    }
  }
}