i,k,base_minutes,dist_km
308,136,8.650116288549967,4.325058144274983
317,136,14.129770547161286,17.064885273580643
